"question","text","hypothesis","label","subject"
"What is NLP?","NLP is the field of artificial intelligence that focuses on enabling computers to understand, interpret, and generate human language. It involves the development of algorithms and models to process and analyze text data, leading to applications such as language translation, sentiment analysis, and chatbots.","NLP is a form of advanced image recognition technology used in medical diagnostics.","contradiction","nlp"
"What is NLP?","NLP involves the study and application of computational techniques to process and analyze human language. It plays a crucial role in tasks such as text classification, information retrieval, and speech recognition.","NLP is an ancient form of divination used to predict future events.","contradiction","nlp"
"What is NLP?","NLP is a multidisciplinary field that combines linguistics, computer science, and artificial intelligence. Its aim is to enable machines to understand and interact with human language, contributing to various applications including language translation and text generation.","NLP is a synonym for computer programming and has no unique significance.","contradiction","nlp"
"What is NLP?","NLP refers to the technology and methods used for computers to process and understand human language. It includes tasks like sentiment analysis, language generation, and speech recognition.","NLP is a type of gardening technique used to cultivate rare species of plants.","contradiction","nlp"
"What is NLP?","NLP is an area of research that focuses on bridging the gap between human communication and machine understanding. It involves the development of algorithms for tasks such as language modeling, information retrieval, and machine translation.","NLP is a subfield of oceanography dealing with the study of marine languages.","contradiction","nlp"
"What is NLP?","NLP is the study of enabling computers to understand and process human language. It involves the use of machine learning algorithms to analyze and generate text, contributing to applications like chatbots and language translation.","NLP is a branch of culinary arts dedicated to creating new styles of cooking using natural ingredients.","contradiction","nlp"
"What is NLP?","NLP is a branch of artificial intelligence that focuses on the interaction between computers and human language. It encompasses various tasks such as language understanding, language generation, and machine translation.","NLP is a form of visual artistry used for creating intricate paintings and sculptures.","contradiction","nlp"
"What is NLP?","NLP involves using computational techniques to analyze and understand human language. It has applications in areas such as sentiment analysis, text summarization, and speech recognition.","NLP is a traditional form of dance originating from a remote island.","contradiction","nlp"
"What is NLP?","NLP is a field of study that combines linguistics and computer science to enable machines to understand, interpret, and respond to human language. It has practical applications in areas such as virtual assistants, language translation, and sentiment analysis.","NLP is a concept in psychology used to describe the power of positive thinking.","neutral","nlp"
"What is NLP?","NLP involves the application of computational techniques to analyze and understand human language. It combines linguistic analysis with machine learning to enable tasks such as text classification, information retrieval, and speech recognition.","NLP is a key component in developing advanced chatbots for customer service.","entailment","nlp"
"What are the main challenges in NLP?","NLP researchers are continuously addressing challenges like ambiguity in language, understanding context, and handling various languages. Developing models that can accurately interpret human language nuances remains a central challenge.","NLP researchers are working effortlessly to overcome challenges in addressing ambiguity, context understanding, and language diversity.","entailment","nlp"
"What are the main challenges in NLP?","NLP grapples with the complexities of understanding context and nuances in human language. Accurately capturing the intended meaning of words and phrases in various contexts remains a significant challenge.","NLP effortlessly comprehends and captures all context and nuances in human language, leaving no room for challenges.","entailment","nlp"
"What are the main challenges in NLP?","Named Entity Recognition (NER) poses a significant challenge in NLP, as models often struggle to accurately identify and classify entities such as names, locations, and organizations in text data.","Named Entity Recognition (NER) is a complex task in NLP with multiple challenges, and models work hard to identify entities in text data.","entailment","nlp"
"What are the main challenges in NLP?","NLP faces difficulties in processing and interpreting figurative language and idiomatic expressions, leading to challenges in understanding text that contains metaphors, similes, and cultural references.","NLP skillfully understands and interprets various forms of figurative language and idiomatic expressions, addressing challenges in the process.","entailment","nlp"
"What are the main challenges in NLP?","Sentiment analysis presents a challenge in NLP due to the complexities of determining emotional tone and handling sarcasm, humor, and cultural nuances in text data.","Sentiment analysis is a demanding task in NLP with several challenges, as models determine the emotional tone in text data.","entailment","nlp"
"What are the main challenges in NLP?","Generating coherent and contextually relevant human-like responses in conversations remains a significant challenge in NLP.","Generating coherent and contextually relevant human-like responses in conversations is a continuous challenge in NLP.","neutral","nlp"
"What are the main challenges in NLP?","NLP struggles with languages that have intricate grammatical structures and syntax, such as those with free word order and rich inflectional systems, leading to challenges in accurate language processing.","NLP effectively processes languages with intricate grammatical structures and syntax, reducing challenges in accurate language processing.","entailment","nlp"
"What are the main challenges in NLP?","Sentiment analysis poses a challenge in NLP due to the complexities of determining emotional tone and handling sarcasm, humor, and cultural nuances in text data.","Sentiment analysis is a trivial task in NLP with no challenges, and models accurately determine the emotional tone in all text data.","contradiction","nlp"
"What are the main challenges in NLP?","Generating coherent and contextually relevant human-like responses in conversations remains a significant challenge in NLP.","Generating coherent and contextually relevant human-like responses in conversations is effortless in NLP, with no challenges to be addressed.","contradiction","nlp"
"What are the main challenges in NLP?","NLP struggles with languages that have intricate grammatical structures and syntax, such as those with free word order and rich inflectional systems, leading to challenges in accurate language processing.","NLP processes languages with intricate grammatical structures and syntax with ease, leaving no challenges in accurate language processing.","contradiction","nlp"
"What are the main challenges in NLP?","Handling low-resource languages with limited available data presents a challenge for NLP, as models struggle to achieve high performance without sufficient training examples.","Handling low-resource languages with limited available data is not a challenge in NLP, and models consistently achieve high performance.","contradiction","nlp"
"What are the main challenges in NLP?","Domain adaptation is a challenge in NLP, where models trained on one domain may not perform well when applied to a different domain due to differences in terminology and context.","Domain adaptation is a simple process in NLP with no challenges, and models perform equally well across different domains.","contradiction","nlp"
"What are the main challenges in NLP?","Coreference resolution, the task of determining when two or more expressions in a text refer to the same entity, poses a challenge for NLP models due to its context-dependent nature.","Coreference resolution is an ongoing challenge for NLP models, as they accurately resolve coreferences based on context.","neutral","nlp"
"What are the main challenges in NLP?","Handling low-resource languages with limited available data presents a challenge for NLP, as models struggle to achieve high performance without sufficient training examples.","Handling low-resource languages is a challenging task in NLP, as models strive to achieve high performance despite limited training data.","entailment","nlp"
"What are the main challenges in NLP?","Domain adaptation is a challenge in NLP, where models trained on one domain may not perform well when applied to a different domain due to differences in terminology and context.","Domain adaptation presents challenges in NLP, as models may not perform optimally when applied to different domains.","neutral","nlp"
"What are the main challenges in NLP?","NLP researchers constantly strive to overcome challenges such as ambiguity in language, context understanding, and the wide variety of languages and dialects. Developing models that can accurately interpret and generate human language nuances remains a central challenge.","NLP researchers find no significant challenges in addressing ambiguity, context understanding, and language diversity.","contradiction","nlp"
"What are the main challenges in NLP?","NLP struggles with the complexities of understanding context and nuances in human language. Accurately capturing the intended meaning of words and phrases in various contexts remains a significant challenge.","NLP effortlessly and flawlessly understands all context and nuances in human language, leaving no challenges to be addressed.","contradiction","nlp"
"What are the main challenges in NLP?","Named Entity Recognition (NER) is a significant challenge in NLP, as models often struggle to accurately identify and classify entities such as names, locations, and organizations in text data.","Named Entity Recognition (NER) is a straightforward task in NLP with no challenges involved, and models accurately identify all entities in text data.","contradiction","nlp"
"What are the main challenges in NLP?","NLP faces difficulties in processing and interpreting figurative language and idiomatic expressions, leading to challenges in understanding text that contains metaphors, similes, and cultural references.","NLP effortlessly understands and interprets all forms of figurative language and idiomatic expressions with no challenges.","contradiction","nlp"
"What role does NLP play in search engines?","NLP enhances search engines by enabling them to understand user queries and retrieve relevant results. It helps in understanding intent, context, and providing accurate search results.","NLP has no role in search engines, which rely solely on keyword matching.","contradiction","nlp"
"What role does NLP play in search engines?","NLP is a critical component of search engines, as it helps in understanding the meaning behind user queries and generating more accurate search results.","NLP is an unnecessary addition to search engines, which function perfectly based on exact keyword matching.","contradiction","nlp"
"What role does NLP play in search engines?","NLP contributes to search engines by enabling them to process natural language queries and generate relevant results. It helps in understanding user intent and providing a better search experience.","NLP is an irrelevant technology in the context of search engines, which operate solely based on pre-programmed algorithms.","contradiction","nlp"
"What role does NLP play in search engines?","NLP plays a crucial role in modern search engines by improving query understanding, semantic matching, and providing more contextually relevant search results.","NLP has no impact on search engines, which rely exclusively on basic algorithms to retrieve results.","contradiction","nlp"
"What role does NLP play in search engines?","NLP enhances search engines by allowing them to interpret and understand user queries beyond keywords. It helps in semantic analysis, entity recognition, and generating more accurate results.","NLP is irrelevant in the context of search engines and does not contribute to improving search accuracy.","contradiction","nlp"
"What role does NLP play in search engines?","NLP revolutionizes search engines by enabling them to comprehend user intent, context, and nuances in queries. It aids in generating highly relevant search results.","NLP is a minor factor in search engines and does not significantly impact the quality of search results.","neutral","nlp"
"What role does NLP play in search engines?","NLP improves search engines by allowing them to analyze and understand complex user queries, leading to better search result ranking and relevance.","NLP is an unnecessary addition to search engines, which can achieve the same accuracy without it.","contradiction","nlp"
"What role does NLP play in search engines?","NLP is an integral part of search engines, enabling them to process user queries in natural language and retrieve results that match user intent and context.","NLP is unrelated to search engines and has no influence on their functioning.","contradiction","nlp"
"What role does NLP play in search engines?","NLP contributes to search engines by enhancing their ability to interpret and analyze user queries, leading to improved accuracy in delivering relevant search results.","NLP is an overhyped technology with no practical application in the realm of search engines.","contradiction","nlp"
"What role does NLP play in search engines?","NLP plays a critical role in search engines by helping them understand user queries, perform language analysis, and present results that best match the user's intent.","NLP has a minor role in search engines and does not significantly impact their performance.","neutral","nlp"
"How does sentiment analysis work in NLP?","Sentiment analysis in NLP involves algorithms that analyze text to determine the emotional tone, sentiment, or opinion expressed. This has applications in understanding customer feedback, social media monitoring, and brand management.","Sentiment analysis in NLP is a complex process that has no practical applications in real-world scenarios.","contradiction","nlp"
"How does sentiment analysis work in NLP?","Sentiment analysis uses NLP techniques to analyze text data and classify it into different sentiment categories such as positive, negative, or neutral. It involves the use of machine learning models to learn patterns and make predictions.","Sentiment analysis is a simple task in NLP, and it only involves counting the frequency of words in a text.","contradiction","nlp"
"How does sentiment analysis work in NLP?","Sentiment analysis is a process in NLP where algorithms assess the sentiment expressed in text, often by assigning a polarity score to indicate whether the sentiment is positive, negative, or neutral.","Sentiment analysis is an irrelevant concept in NLP and does not contribute to text analysis.","contradiction","nlp"
"How does sentiment analysis work in NLP?","Sentiment analysis employs natural language processing techniques to evaluate the emotional tone of text, identifying sentiments such as joy, sadness, anger, and more. This aids in understanding public opinion and user feedback.","Sentiment analysis relies solely on manual human labeling and has no connection to NLP.","contradiction","nlp"
"How does sentiment analysis work in NLP?","Sentiment analysis in NLP involves training machine learning models on labeled datasets to recognize patterns in text that indicate different sentiment levels. These models can then predict the sentiment of new, unlabeled text.","Sentiment analysis in NLP is an effortless process that requires no training of machine learning models.","contradiction","nlp"
"How does sentiment analysis work in NLP?","Sentiment analysis uses NLP techniques to process and interpret text, extracting emotional context and determining whether the expressed sentiment is positive, negative, or neutral. This has applications in understanding customer opinions and social media trends.","Sentiment analysis is a core aspect of NLP, and its techniques are extensively used in various applications.","entailment","nlp"
"How does sentiment analysis work in NLP?","Sentiment analysis involves training NLP models on labeled data where sentiments are annotated, enabling the models to learn and recognize sentiment patterns in text. These models can then be applied to analyze sentiment in new text data.","Sentiment analysis is a minor task in NLP and does not significantly impact the accuracy of text analysis.","neutral","nlp"
"How does sentiment analysis work in NLP?","Sentiment analysis utilizes machine learning algorithms to classify text into different sentiment categories based on the emotional tone expressed. These algorithms are trained on large datasets to learn the nuances of sentiment in language.","Sentiment analysis is an experimental concept in NLP with no practical applications.","neutral","nlp"
"How does sentiment analysis work in NLP?","Sentiment analysis in NLP involves analyzing the textual content, identifying sentiment-bearing words and phrases, and determining the overall sentiment as positive, negative, or neutral. It enables automated understanding of public perception and user sentiment.","Sentiment analysis is a manual process that does not involve NLP techniques.","contradiction","nlp"
"How does sentiment analysis work in NLP?","Sentiment analysis relies on NLP models to process text and identify sentiment clues such as words, phrases, and context. By analyzing these clues, the model assigns a sentiment label to the text, indicating whether it is positive, negative, or neutral.","Sentiment analysis is an outdated approach in NLP and has been replaced by more advanced techniques.","contradiction","nlp"
"How can NLP assist in chatbots?","NLP empowers chatbots by enabling them to understand and respond to user messages naturally. It helps chatbots comprehend user intent, extract relevant information, and generate contextually appropriate replies.","NLP is irrelevant to chatbots and does not contribute to their functionality or communication capabilities.","contradiction","nlp"
"How can NLP assist in chatbots?","NLP plays a vital role in chatbots by allowing them to process user input, interpret context, and generate human-like responses. This enables chatbots to provide personalized and engaging interactions.","NLP does not enhance chatbots' capabilities and is unnecessary for their functioning.","contradiction","nlp"
"How can NLP assist in chatbots?","NLP assists chatbots by enabling them to analyze user messages, understand intent, and generate coherent replies. It contributes to creating more effective and user-friendly chatbot interactions.","NLP is unrelated to chatbots and does not impact their effectiveness or interactions.","contradiction","nlp"
"How can NLP assist in chatbots?","NLP enables chatbots to understand and process user queries, improving their ability to provide accurate and contextually relevant responses. It enhances the overall user experience with chatbots.","NLP is a minor aspect of chatbots and does not contribute significantly to user experience or response accuracy.","neutral","nlp"
"How can NLP assist in chatbots?","NLP equips chatbots with the capability to comprehend and interpret user input, making them capable of engaging in meaningful and effective conversations. It enhances chatbots' communication skills.","NLP is an irrelevant technology in chatbots and does not improve their communication or interactions.","contradiction","nlp"
"How can NLP assist in chatbots?","NLP supports chatbots by enabling them to handle a variety of user queries and language variations. It helps chatbots adapt to user preferences and deliver more personalized responses.","NLP has no role in chatbots and does not contribute to their ability to handle queries or language variations.","contradiction","nlp"
"How can NLP assist in chatbots?","NLP enhances chatbots' natural language understanding, enabling them to process and interpret user messages effectively. It contributes to chatbots' ability to provide meaningful and contextually relevant replies.","NLP is a crucial component of chatbots and significantly improves their natural language understanding and communication.","entailment","nlp"
"How can NLP assist in chatbots?","NLP empowers chatbots with the ability to analyze user input, understand semantics, and generate appropriate responses. It ensures chatbots can engage in seamless and productive conversations with users.","NLP has limited relevance to chatbots and does not impact their conversational capabilities.","neutral","nlp"
"How can NLP assist in chatbots?","NLP is the foundation of chatbots' language processing capabilities, allowing them to understand user messages, detect intent, and provide relevant information. It enables chatbots to offer efficient and helpful interactions.","NLP is a minor factor in chatbots and has no significant impact on their language processing capabilities.","neutral","nlp"
"How can NLP assist in chatbots?","NLP enhances chatbots by enabling them to interpret and analyze user language, facilitating meaningful and context-aware interactions. It contributes to creating more effective and user-centric chatbot experiences.","NLP is an unnecessary addition to chatbots and does not contribute to user experiences or interactions.","contradiction","nlp"
"Can NLP understand humor and sarcasm?","Yes, NLP can be trained to understand humor and sarcasm by analyzing linguistic cues, context, and patterns in text. It allows NLP models to accurately identify instances of humor and sarcasm in user communication.","No, NLP cannot understand humor and sarcasm as they are complex human emotions that cannot be comprehended by machines.","contradiction","nlp"
"Can NLP understand humor and sarcasm?","NLP models can be designed to recognize humor and sarcasm by identifying incongruities between the literal meaning and implied meaning of text. This enables NLP to understand and interpret such nuanced expressions.","NLP lacks the capability to understand humor and sarcasm, which involve intricate emotional nuances.","contradiction","nlp"
"Can NLP understand humor and sarcasm?","NLP can be programmed to identify humor and sarcasm by analyzing context, linguistic patterns, and user behavior. This allows NLP models to interpret and respond appropriately to such expressions.","NLP is not equipped to understand humor and sarcasm, which are human-specific emotional nuances.","contradiction","nlp"
"Can NLP understand humor and sarcasm?","NLP can learn to understand humor and sarcasm through training on large datasets that contain annotated examples. It enables NLP models to detect and interpret these expressions in text.","NLP's abilities are limited, and it cannot grasp the complexity of humor and sarcasm in human communication.","contradiction","nlp"
"Can NLP understand humor and sarcasm?","NLP can leverage advanced algorithms to detect humor and sarcasm by analyzing language patterns, sentiment, and context. It allows NLP models to recognize instances of humor and sarcasm in text data.","NLP lacks the capacity to understand humor and sarcasm and cannot accurately identify such expressions.","contradiction","nlp"
"Can NLP understand humor and sarcasm?","NLP can be trained to recognize humor and sarcasm through machine learning techniques, enabling it to identify linguistic features that indicate these expressions. This enhances NLP's understanding of nuanced communication.","NLP has no capacity to understand humor and sarcasm, as they involve complex emotional and social context.","contradiction","nlp"
"Can NLP understand humor and sarcasm?","NLP's ability to understand humor and sarcasm depends on the quality of training data and algorithms. With proper training, NLP models can accurately interpret these expressions in text.","NLP is incapable of understanding humor and sarcasm, which require human emotional intelligence.","contradiction","nlp"
"Can NLP understand humor and sarcasm?","NLP's understanding of humor and sarcasm relies on advanced language analysis and context recognition. It allows NLP models to grasp the implied meaning and sentiment behind these expressions.","NLP's understanding of humor and sarcasm is limited, and it cannot accurately interpret these complex forms of communication.","neutral","nlp"
"Can NLP understand humor and sarcasm?","NLP can achieve partial understanding of humor and sarcasm by recognizing specific linguistic patterns, but it may not capture the full depth and context of these expressions as humans do.","NLP fully comprehends humor and sarcasm, demonstrating the same level of understanding as humans.","entailment","nlp"
"Can NLP understand humor and sarcasm?","NLP's ability to understand humor and sarcasm is an ongoing research area. While progress has been made, fully replicating human-level understanding remains a challenge.","NLP effortlessly understands humor and sarcasm, surpassing human comprehension.","contradiction","nlp"
"Explain the concept of a neural language model in NLP?","A neural language model in NLP is a type of artificial intelligence model that uses neural networks to understand and generate human language. It learns patterns and relationships between words in large text datasets, enabling it to predict the likelihood of a word given the previous context. This model forms the basis for tasks like language generation, text completion, and sentiment analysis.","A neural language model is irrelevant to NLP and does not contribute to language understanding or generation.","contradiction","nlp"
"Explain the concept of a neural language model in NLP?","A neural language model is an essential component of NLP that employs neural networks to analyze and generate human language. It processes text sequentially, learning the probabilities of words based on their context, and is widely used in tasks such as machine translation, speech recognition, and text generation.","A neural language model is a simple concept in NLP that has no real-world applications.","contradiction","nlp"
"Explain the concept of a neural language model in NLP?","A neural language model is a fundamental NLP technique that uses neural networks to understand the structure of human language. By learning patterns from a large amount of text data, the model can generate coherent and contextually relevant text, making it valuable for various applications like chatbots, text completion, and language translation.","A neural language model is unnecessary in NLP and does not contribute to any meaningful applications.","contradiction","nlp"
"Explain the concept of a neural language model in NLP?","A neural language model is a sophisticated AI approach in NLP that employs neural networks to learn the probability distribution of words in a sentence. It predicts the next word based on the previous context, enabling tasks such as autocomplete, machine translation, and speech synthesis.","A neural language model has limited use in NLP and is not a significant aspect of language-related tasks.","neutral","nlp"
"Explain the concept of a neural language model in NLP?","A neural language model is a cornerstone of NLP, utilizing neural networks to understand and generate human language. It captures complex relationships between words and context, enabling accurate language prediction and generation in tasks like speech recognition and text generation.","A neural language model is a peripheral concept in NLP and does not play a crucial role in language understanding or generation.","neutral","nlp"
"Explain the concept of a neural language model in NLP?","A neural language model is a revolutionary NLP technique that employs neural networks to learn and predict the structure of human language. It captures contextual dependencies between words, making it adept at tasks like machine translation, sentiment analysis, and conversation generation.","A neural language model is an advanced technology irrelevant to NLP and has no practical significance.","contradiction","nlp"
"Explain the concept of a neural language model in NLP?","A neural language model in NLP is an AI model that utilizes neural networks to process and generate human language. By analyzing sequences of words, it can predict the most likely next word, making it valuable for applications like auto-completion, language translation, and text generation.","A neural language model is integral to NLP and plays a vital role in language-related tasks.","entailment","nlp"
"Explain the concept of a neural language model in NLP?","A neural language model is a cutting-edge NLP technique that employs neural networks to understand the context and relationships between words in a sentence. It can generate coherent and contextually relevant text, making it useful for tasks such as language generation and sentiment analysis.","A neural language model is an outdated concept in NLP and has been replaced by more advanced techniques.","contradiction","nlp"
"Explain the concept of a neural language model in NLP?","A neural language model is a core concept in NLP, utilizing neural networks to capture the semantic and syntactic structure of human language. It predicts the probability of the next word based on context, enabling applications such as text completion, language modeling, and machine translation.","A neural language model is a crucial element of NLP and greatly contributes to language understanding and generation.","entailment","nlp"
"Explain the concept of a neural language model in NLP?","A neural language model is a sophisticated approach in NLP that leverages neural networks to understand and generate human language. By learning from large text corpora, it predicts the probability of words based on context, making it valuable for tasks like text prediction, language modeling, and speech recognition.","A neural language model is an irrelevant concept in NLP and has no bearing on language-related tasks.","contradiction","nlp"
"What are the benefits of using pre-trained language models in NLP?","Using pre-trained language models in NLP offers several advantages. They capture general language understanding from large datasets, reducing the need for extensive training. This accelerates model development, improves performance, and enables transfer learning for various downstream tasks such as sentiment analysis, text classification, and named entity recognition.","Pre-trained language models have no benefits in NLP and do not contribute to model performance or transfer learning.","contradiction","nlp"
"What are the benefits of using pre-trained language models in NLP?","Pre-trained language models provide a head start in NLP projects by offering a foundation of language understanding. They can be fine-tuned on domain-specific data, saving time and resources while achieving higher accuracy in tasks like document summarization, question answering, and text generation.","Pre-trained language models are an unnecessary addition to NLP projects and do not aid in improving accuracy or domain adaptation.","contradiction","nlp"
"What are the benefits of using pre-trained language models in NLP?","The use of pre-trained language models in NLP brings efficiency by leveraging existing language knowledge. This reduces training time, data requirements, and costs while achieving competitive performance in tasks like machine translation, chatbot development, and sentiment analysis.","Pre-trained language models lack value in NLP and do not contribute to efficiency or performance improvement.","contradiction","nlp"
"What are the benefits of using pre-trained language models in NLP?","Pre-trained language models serve as a valuable resource in NLP, as they capture a wide range of language patterns and nuances. They enable fine-tuning on specific tasks, resulting in faster model convergence and improved accuracy in applications such as text classification, sentiment analysis, and language generation.","Pre-trained language models have no relevance in NLP and do not aid in model convergence or accuracy improvement.","contradiction","nlp"
"What are the benefits of using pre-trained language models in NLP?","Pre-trained language models offer a foundation of linguistic knowledge in NLP. They can be fine-tuned with domain-specific data, making them versatile for various applications like chatbots, document understanding, and language translation.","Pre-trained language models are irrelevant to NLP and do not provide a foundation of linguistic knowledge or domain-specific adaptability.","contradiction","nlp"
"What are the benefits of using pre-trained language models in NLP?","Leveraging pre-trained language models in NLP leads to improved model performance and efficiency. They capture semantic relationships and context, enabling fine-tuning for specific tasks like named entity recognition, machine translation, and text summarization.","Pre-trained language models do not enhance model performance or efficiency in NLP and are unnecessary for task-specific fine-tuning.","contradiction","nlp"
"What are the benefits of using pre-trained language models in NLP?","Pre-trained language models offer a shortcut to achieving high-quality NLP models. They can be adapted to specific tasks with minimal data, saving time and resources while delivering robust performance in tasks like question answering, text completion, and language understanding.","Pre-trained language models do not offer any shortcuts or efficiency gains in NLP and do not contribute to robust performance.","contradiction","nlp"
"What are the benefits of using pre-trained language models in NLP?","The use of pre-trained language models provides a strong starting point for NLP tasks. They capture linguistic nuances and semantic relationships, allowing for efficient fine-tuning on specific domains and achieving superior results in tasks like sentiment analysis, language translation, and document classification.","Pre-trained language models do not provide a strong starting point for NLP tasks and have no impact on achieving superior results or domain-specific fine-tuning.","contradiction","nlp"
"What are the benefits of using pre-trained language models in NLP?","Pre-trained language models offer a knowledge-rich foundation for NLP projects. They learn from vast amounts of text data and can be fine-tuned for specific applications, leading to enhanced performance in tasks like text generation, speech recognition, and information retrieval.","Pre-trained language models lack a knowledge-rich foundation and do not contribute to enhanced performance or fine-tuning in NLP projects.","contradiction","nlp"
"What are the benefits of using pre-trained language models in NLP?","Using pre-trained language models in NLP brings about faster model development, reduced data requirements, and improved results in various tasks. They offer a stepping stone for domain adaptation and facilitate the creation of sophisticated language-driven applications.","Pre-trained language models do not facilitate faster model development or improved results in NLP tasks and are not useful for domain adaptation.","contradiction","nlp"
"What are the key components of a machine translation system in NLP?","A machine translation system in NLP consists of several key components. The first is the input text, which is preprocessed and tokenized. Then, the system uses a neural encoder to convert the source language text into a numerical representation. This representation is then fed into the neural decoder, which generates the translated text in the target language. Attention mechanisms, vocabulary alignment, and beam search are also crucial components that enhance translation quality.","A machine translation system has no key components and does not involve preprocessing, encoding, or decoding steps.","contradiction","nlp"
"What are the key components of a machine translation system in NLP?","The main components of a machine translation system include a source language encoder, a target language decoder, and attention mechanisms. These work together to process the input text, convert it into a semantic representation, and generate the translated output in the target language.","A machine translation system is a simple process that requires no encoding, decoding, or attention mechanisms.","contradiction","nlp"
"What are the key components of a machine translation system in NLP?","A machine translation system comprises essential elements such as the source language encoder, which encodes the input text into a continuous vector space. The decoder then generates the target language translation based on this encoding. Additionally, attention mechanisms enhance the alignment of words between languages.","A machine translation system lacks key components and does not involve encoding, decoding, or attention mechanisms.","contradiction","nlp"
"What are the key components of a machine translation system in NLP?","The primary components of a machine translation system include an encoder, which converts the source language text into a numerical representation, and a decoder, which generates the translated output. Attention mechanisms improve translation quality by focusing on relevant parts of the input during decoding.","A machine translation system has no primary components and does not involve encoding, decoding, or attention mechanisms.","contradiction","nlp"
"What are the key components of a machine translation system in NLP?","A machine translation system involves critical elements like the source language encoder, which processes the input text, and the target language decoder, which generates the translated output. Attention mechanisms ensure that the decoder focuses on relevant parts of the input text.","A machine translation system is a basic concept and does not involve key elements like encoding, decoding, or attention mechanisms.","contradiction","nlp"
"What are the key components of a machine translation system in NLP?","In NLP, a machine translation system includes an encoder, which converts the source text into a contextual representation, and a decoder, which generates the target language translation. Attention mechanisms help the decoder focus on different parts of the source text as needed.","A machine translation system is irrelevant to NLP and does not involve encoders, decoders, or attention mechanisms.","contradiction","nlp"
"What are the key components of a machine translation system in NLP?","Key components of a machine translation system encompass an encoder that processes the source language input, a decoder that generates the translated output, and attention mechanisms that aid in aligning words between languages. These components collaborate to produce accurate and coherent translations.","Key components of a machine translation system are absent, and it does not involve encoders, decoders, or attention mechanisms.","contradiction","nlp"
"What are the key components of a machine translation system in NLP?","A machine translation system comprises an encoder, which converts the source language text into a latent representation, and a decoder, which generates the target language translation. Attention mechanisms play a pivotal role in aligning words during the translation process.","A machine translation system lacks an encoder, decoder, and attention mechanisms as key components.","contradiction","nlp"
"What are the key components of a machine translation system in NLP?","A machine translation system is built upon critical components such as an encoder that processes the source language, a decoder that generates the translated text, and attention mechanisms that enhance translation quality. These elements collaborate to produce accurate and contextually relevant translations.","A machine translation system does not have critical components like encoders, decoders, or attention mechanisms, and it does not contribute to accurate translations.","contradiction","nlp"
"What are the key components of a machine translation system in NLP?","The key components of a machine translation system include an encoder, which encodes the input text, a decoder, which generates the translated output, and attention mechanisms, which improve the alignment between source and target languages.","The key components of a machine translation system are insignificant, and it does not involve encoding, decoding, or attention mechanisms.","contradiction","nlp"
"How are deep learning models used in NLP for speech recognition?","Deep learning models are extensively used in NLP for speech recognition tasks. These models, such as convolutional neural networks (CNNs) and recurrent neural networks (RNNs), process audio input to extract features. The features are then used by an acoustic model to predict phonemes or linguistic units. Finally, a language model helps decode the predicted phonemes into words, resulting in accurate speech recognition.","Deep learning models have no application in NLP for speech recognition, and they do not contribute to accurate phoneme prediction or language decoding.","contradiction","nlp"
"How are deep learning models used in NLP for speech recognition?","In NLP, deep learning models play a pivotal role in speech recognition by leveraging convolutional neural networks (CNNs) and recurrent neural networks (RNNs). These models analyze audio input, extract relevant features, and use them in acoustic models to predict phonemes. Language models then aid in converting phoneme predictions into meaningful words, leading to successful speech recognition.","Deep learning models are irrelevant to speech recognition in NLP and do not contribute to accurate phoneme prediction or language decoding.","contradiction","nlp"
"How are deep learning models used in NLP for speech recognition?","Deep learning models are integral to NLP-based speech recognition. They utilize convolutional and recurrent neural networks to process audio input, extract features, and predict phonemes through acoustic modeling. Subsequently, language models aid in transcribing predicted phonemes into recognizable words, enabling accurate speech recognition.","Deep learning models are not utilized in NLP for speech recognition, and they do not aid in phoneme prediction or language decoding.","contradiction","nlp"
"How are deep learning models used in NLP for speech recognition?","Deep learning models, including convolutional and recurrent neural networks, are extensively employed in NLP for speech recognition. These models analyze audio signals, extract relevant features, and predict phonemes or linguistic units using acoustic modeling. A language model further helps in translating predicted phonemes into words, facilitating precise speech recognition.","Deep learning models are peripheral to NLP and have no application in speech recognition tasks.","contradiction","nlp"
"How are deep learning models used in NLP for speech recognition?","Deep learning models play a crucial role in NLP-based speech recognition. Convolutional and recurrent neural networks process audio data, extracting features that contribute to acoustic modeling for phoneme prediction. Language models aid in converting phoneme predictions into accurate transcriptions, enabling effective speech recognition.","Deep learning models are not significant in NLP for speech recognition and do not contribute to phoneme prediction or language decoding.","contradiction","nlp"
"How are deep learning models used in NLP for speech recognition?","In NLP, deep learning models are extensively employed for speech recognition tasks. These models, including convolutional and recurrent neural networks, process audio input, extract features, and predict phonemes. Language models further assist in converting phoneme predictions into words, facilitating accurate speech recognition.","Deep learning models are irrelevant to speech recognition in NLP and do not contribute to accurate phoneme prediction or language decoding.","contradiction","nlp"
"How are deep learning models used in NLP for speech recognition?","Deep learning models, such as convolutional neural networks (CNNs) and recurrent neural networks (RNNs), are at the core of NLP-based speech recognition. They analyze audio input, extract relevant features, and predict phonemes through acoustic modeling. Language models then aid in converting these predictions into meaningful words, enabling accurate and efficient speech recognition.","Deep learning models have no role in NLP for speech recognition and do not contribute to phoneme prediction or language decoding.","contradiction","nlp"
"How are deep learning models used in NLP for speech recognition?","Deep learning models, particularly convolutional and recurrent neural networks, are extensively utilized in NLP for speech recognition. These models process audio data, extract informative features, and predict phonemes using acoustic models. Language models then convert phoneme predictions into coherent words, enabling accurate transcription and speech recognition.","Deep learning models are insignificant in NLP for speech recognition and do not aid in phoneme prediction or language decoding.","contradiction","nlp"
"How are deep learning models used in NLP for speech recognition?","Deep learning models, including convolutional and recurrent neural networks, form the foundation of NLP-based speech recognition. These models process audio input, extract features, and predict phonemes through acoustic modeling. Language models assist in decoding predicted phonemes into meaningful words, resulting in accurate and efficient speech recognition.","Deep learning models are not utilized in NLP for speech recognition and do not contribute to accurate phoneme prediction or language decoding.","contradiction","nlp"
"How are deep learning models used in NLP for speech recognition?","Deep learning models are extensively employed in NLP for speech recognition tasks. Convolutional and recurrent neural networks analyze audio input, extract relevant features, and predict phonemes using acoustic models. Language models then help in converting phoneme predictions into coherent words, achieving accurate and effective speech recognition.","Deep learning models are peripheral to NLP and have no relevance in speech recognition tasks.","contradiction","nlp"
"What are the limitations of machine translation in NLP?","Machine translation in NLP faces various limitations. One major challenge is handling idiomatic expressions and cultural nuances, which may lead to inaccurate translations. Complex sentence structures, ambiguous words, and domain-specific terminology also pose difficulties. Additionally, context understanding, tone, and style preservation can be problematic, resulting in translations that lack fluency and naturalness.","Machine translation in NLP has no limitations and can accurately handle idiomatic expressions, cultural nuances, and domain-specific terminology.","contradiction","nlp"
"What are the limitations of machine translation in NLP?","Machine translation in NLP is not flawless and has limitations. It struggles with idiomatic phrases, cultural context, and nuanced expressions, often leading to translations that lack accuracy and naturalness. Handling complex sentence structures and preserving context can also be challenging, impacting the overall quality of translations.","Machine translation in NLP is flawless and has no limitations in handling idiomatic expressions, cultural context, or complex sentence structures.","contradiction","nlp"
"What are the limitations of machine translation in NLP?","Limitations of machine translation in NLP include difficulties in accurately translating idiomatic phrases and preserving cultural nuances. Complex sentence structures and ambiguous words can result in mistranslations. Maintaining context, tone, and style during translation also poses challenges, affecting the fluency and coherence of the output.","Machine translation in NLP is perfect and has no limitations in accurately translating idiomatic expressions, cultural nuances, or complex sentence structures.","contradiction","nlp"
"What are the limitations of machine translation in NLP?","Machine translation in NLP encounters limitations such as struggles with idiomatic expressions and idioms, leading to incorrect translations. Complex syntactic structures and domain-specific terminology can also result in inaccuracies. Maintaining the intended meaning, context, and emotional tone is a challenge, affecting the overall quality of translations.","Machine translation in NLP is highly accurate and does not face limitations in handling idiomatic expressions, complex syntactic structures, or emotional tone.","contradiction","nlp"
"What are the limitations of machine translation in NLP?","In NLP, machine translation has notable limitations. It may not accurately handle idiomatic expressions, cultural references, or domain-specific terminology, leading to loss of meaning in translations. Complex sentence structures and variations in word meaning further contribute to inaccuracies. Preserving context and style can also be problematic, impacting the naturalness of translations.","Machine translation in NLP is unlimited in accuracy and can flawlessly handle idiomatic expressions, cultural references, and domain-specific terminology.","contradiction","nlp"
"What are the limitations of machine translation in NLP?","Machine translation in NLP is not without limitations. It struggles with idiomatic expressions, cultural nuances, and domain-specific jargon, often resulting in translations that do not accurately convey the intended meaning. Complex sentence structures, word ambiguities, and context preservation are additional challenges that affect translation quality.","Machine translation in NLP is without limitations and can accurately handle idiomatic expressions, cultural nuances, and domain-specific jargon.","contradiction","nlp"
"What are the limitations of machine translation in NLP?","The limitations of machine translation in NLP encompass difficulties in accurately translating idiomatic expressions, capturing cultural nuances, and handling domain-specific terminology. Complex sentence structures, context ambiguity, and preserving the emotional tone pose challenges, impacting translation fluency and accuracy.","Machine translation in NLP has no limitations and can accurately translate idiomatic expressions, cultural nuances, and domain-specific terminology.","contradiction","nlp"
"What are the limitations of machine translation in NLP?","Machine translation in NLP faces limitations such as inaccuracies in translating idiomatic expressions and cultural references. Complex sentence structures and technical terms can lead to errors. Maintaining context, style, and emotional tone is a challenge, resulting in translations that lack naturalness and coherence.","Machine translation in NLP is not constrained by limitations and can accurately translate idiomatic expressions, cultural references, and technical terms.","contradiction","nlp"
"What are the limitations of machine translation in NLP?","Limitations of machine translation in NLP include challenges in accurately handling idiomatic expressions, preserving cultural nuances, and capturing domain-specific vocabulary. Complex sentence structures and word sense ambiguity can lead to inaccuracies. Maintaining context and style is also problematic, affecting the overall quality of translations.","Machine translation in NLP is boundless and has no limitations in accurately handling idiomatic expressions, cultural nuances, or domain-specific vocabulary.","contradiction","nlp"
"What are the limitations of machine translation in NLP?","Machine translation in NLP is not without its limitations. It struggles with idiomatic expressions, cultural references, and domain-specific terminology, often resulting in translations that lack precision. Complex sentence structures and variations in word meanings can further contribute to inaccuracies. Preserving context and stylistic elements also pose challenges, affecting the fluency of translations.","Machine translation in NLP has no limitations and can flawlessly handle idiomatic expressions, cultural references, and domain-specific terminology.","contradiction","nlp"
"What are the challenges of cross-lingual sentiment analysis in NLP?","Cross-lingual sentiment analysis in NLP faces various challenges. One major issue is the lack of labeled data in multiple languages, making it difficult to train accurate models. Different linguistic structures and cultural nuances across languages impact sentiment expression. Effective translation of text while preserving sentiment polarity is complex. Also, domain adaptation and code-switching further complicate the task.","Cross-lingual sentiment analysis in NLP has no challenges and can accurately handle sentiment analysis across languages.","contradiction","nlp"
"What are the challenges of cross-lingual sentiment analysis in NLP?","Cross-lingual sentiment analysis poses challenges due to the scarcity of labeled data in multiple languages. Different languages express sentiments differently, requiring models to capture diverse linguistic patterns. Translating idiomatic expressions while preserving sentiment is difficult. Adapting models to new domains and handling code-switching are additional complexities.","Cross-lingual sentiment analysis in NLP is simple and does not face challenges in handling diverse linguistic patterns or code-switching.","contradiction","nlp"
"What are the challenges of cross-lingual sentiment analysis in NLP?","Cross-lingual sentiment analysis encounters challenges in obtaining labeled data for multiple languages. Sentiment expression varies across languages, requiring models to account for diverse linguistic cues. Translation may lead to loss of sentiment context, affecting accuracy. Adapting models to new languages and domains adds complexity to the task.","Cross-lingual sentiment analysis is straightforward and does not face challenges related to linguistic variations, translation, or domain adaptation.","contradiction","nlp"
"What are the challenges of cross-lingual sentiment analysis in NLP?","Cross-lingual sentiment analysis in NLP is not without challenges. Limited labeled data in multiple languages hinders model training. Sentiment expression variations and idiomatic phrases across languages impact accuracy. Maintaining sentiment polarity during translation is complex. Adapting models to diverse domains and handling code-switching add to the difficulties.","Cross-lingual sentiment analysis in NLP has no challenges and can accurately handle sentiment analysis across languages.","contradiction","nlp"
"What are the challenges of cross-lingual sentiment analysis in NLP?","Challenges abound in cross-lingual sentiment analysis in NLP. Sparse labeled data in multiple languages makes model training arduous. Different linguistic structures and cultural sentiments require nuanced handling. Translating text without altering sentiment poses difficulty. Adapting models to diverse domains and languages is also a challenge.","Cross-lingual sentiment analysis in NLP is straightforward and does not face challenges related to linguistic variations or domain adaptation.","contradiction","nlp"
"What are the challenges of cross-lingual sentiment analysis in NLP?","Cross-lingual sentiment analysis encounters challenges due to limited labeled data in various languages. Expressing sentiments differently across languages and preserving sentiment during translation are significant hurdles. Adapting models to handle diverse linguistic and cultural nuances is complex. Additionally, domain adaptation and code-switching require careful consideration.","Cross-lingual sentiment analysis in NLP has no challenges and can accurately handle sentiment analysis across languages.","contradiction","nlp"
"What are the challenges of cross-lingual sentiment analysis in NLP?","Cross-lingual sentiment analysis in NLP presents challenges such as insufficient labeled data for multiple languages. Variations in sentiment expression and idiomatic phrases across languages impact accuracy. Effective translation while retaining sentiment is intricate. Adapting models to different domains and languages requires robust strategies.","Cross-lingual sentiment analysis in NLP is simple and does not face challenges related to translation or domain adaptation.","contradiction","nlp"
"What are the challenges of cross-lingual sentiment analysis in NLP?","Cross-lingual sentiment analysis in NLP faces challenges due to the scarcity of labeled data in multiple languages. Differing linguistic structures and sentiment expressions hinder direct transfer. Ensuring accurate translation while preserving sentiment polarity is complex. Adapting models to handle diverse cultural and linguistic contexts adds further difficulty.","Cross-lingual sentiment analysis in NLP has no challenges and can accurately handle sentiment analysis across languages.","contradiction","nlp"
"What are the challenges of cross-lingual sentiment analysis in NLP?","Cross-lingual sentiment analysis poses challenges in obtaining labeled data for various languages. Linguistic differences and sentiment variations require adaptable models. Accurate translation while maintaining sentiment is problematic. Adapting models to new languages and handling domain-specific expressions add to the complexity.","Cross-lingual sentiment analysis in NLP is simple and does not face challenges related to linguistic variations or translation.","contradiction","nlp"
"What are the different types of neural networks used in NLP?","Various types of neural networks are employed in NLP. Recurrent Neural Networks (RNNs) are suited for sequence tasks, while Convolutional Neural Networks (CNNs) excel in text classification. Transformer models revolutionized NLP with self-attention mechanisms. Long Short-Term Memory (LSTM) networks and Gated Recurrent Units (GRUs) are popular for sequential tasks. Bidirectional Encoder Representations from Transformers (BERT) and Generative Pre-trained Transformer (GPT) models leverage attention mechanisms for contextual understanding and text generation.","Different types of neural networks are irrelevant to NLP and do not contribute to sequence tasks, text classification, or contextual understanding.","contradiction","nlp"
"What are the different types of neural networks used in NLP?","In NLP, various neural network architectures are utilized. Recurrent Neural Networks (RNNs) are effective for sequential data, while Convolutional Neural Networks (CNNs) excel in text classification. Transformer-based models, such as BERT and GPT, leverage self-attention mechanisms for contextual understanding. Long Short-Term Memory (LSTM) and Gated Recurrent Units (GRUs) are also common for sequential tasks.","Different types of neural networks have no relevance to NLP and do not contribute to sequential data analysis or text classification.","contradiction","nlp"
"What are the different types of neural networks used in NLP?","NLP employs various neural network types. Recurrent Neural Networks (RNNs) process sequential data, while Convolutional Neural Networks (CNNs) excel in tasks like text classification. Transformer models, including BERT and GPT, utilize self-attention mechanisms for contextual understanding. Long Short-Term Memory (LSTM) networks and Gated Recurrent Units (GRUs) are also used for sequential tasks.","Different types of neural networks have no role in NLP and do not contribute to sequence processing or text classification.","contradiction","nlp"
"What are the different types of neural networks used in NLP?","Different neural network architectures are employed in NLP. Recurrent Neural Networks (RNNs) are suitable for sequential tasks, while Convolutional Neural Networks (CNNs) are effective in text classification. Transformer models like BERT and GPT utilize self-attention mechanisms for contextual understanding. Long Short-Term Memory (LSTM) and Gated Recurrent Units (GRUs) are used for sequential data.","Different types of neural networks are unrelated to NLP and do not contribute to sequential tasks or text classification.","contradiction","nlp"
"What are the different types of neural networks used in NLP?","NLP leverages various neural network architectures. Recurrent Neural Networks (RNNs) handle sequences, while Convolutional Neural Networks (CNNs) excel in tasks like text classification. Transformer models, such as BERT and GPT, utilize self-attention mechanisms for context understanding. Long Short-Term Memory (LSTM) networks and Gated Recurrent Units (GRUs) are also common in handling sequential data.","Different types of neural networks are insignificant in NLP and do not contribute to sequence handling or text classification.","contradiction","nlp"
"What are the different types of neural networks used in NLP?","Various types of neural networks play a crucial role in NLP. Recurrent Neural Networks (RNNs) are adept at handling sequences, while Convolutional Neural Networks (CNNs) are well-suited for text classification tasks. Transformer models, including BERT and GPT, leverage self-attention mechanisms for contextual understanding. Long Short-Term Memory (LSTM) and Gated Recurrent Units (GRUs) are also commonly used for sequential processing.","Different types of neural networks are insignificant to NLP and do not contribute to handling sequences or text classification.","contradiction","nlp"
"What are the different types of neural networks used in NLP?","NLP employs various neural network architectures, including Recurrent Neural Networks (RNNs) for sequential tasks and Convolutional Neural Networks (CNNs) for text classification. Transformer models, like BERT and GPT, rely on self-attention mechanisms for contextual comprehension. Long Short-Term Memory (LSTM) networks and Gated Recurrent Units (GRUs) are also utilized in handling sequences.","Different types of neural networks have no significance in NLP and do not contribute to handling sequences or text classification.","contradiction","nlp"
"What are the different types of neural networks used in NLP?","Various neural network architectures are used in NLP. Recurrent Neural Networks (RNNs) excel in sequential tasks, while Convolutional Neural Networks (CNNs) are well-suited for text classification. Transformer models like BERT and GPT utilize self-attention mechanisms for context understanding. Long Short-Term Memory (LSTM) networks and Gated Recurrent Units (GRUs) are also commonly employed in handling sequential data.","Different types of neural networks are unrelated to NLP and do not contribute to sequential tasks or text classification.","contradiction","nlp"
"What is the concept of word frequency analysis in NLP?","Word frequency analysis in NLP involves counting the occurrence of words in a text corpus. It helps identify the most common and rare words, aiding in tasks like text summarization, keyword extraction, and language modeling. Zipf's law often characterizes word frequency distributions, with a few words occurring frequently and many words occurring rarely.","Word frequency analysis in NLP is irrelevant and does not involve counting word occurrences or aiding in text summarization or language modeling.","contradiction","nlp"
"What is the concept of word frequency analysis in NLP?","Word frequency analysis in NLP refers to the process of quantifying the occurrence of words in a text corpus. It aids in identifying common words, stopwords, and rare terms. This analysis is used in tasks such as text summarization, keyword extraction, and language modeling.","Word frequency analysis in NLP has no concept or relevance to quantifying word occurrences or aiding in language modeling or text summarization.","contradiction","nlp"
"What is the concept of word frequency analysis in NLP?","Word frequency analysis in NLP entails counting the occurrences of words in a given text or corpus. It helps identify common words, stopwords, and infrequent terms. This analysis is valuable for tasks like text summarization, keyword extraction, and language modeling.","Word frequency analysis in NLP is an unrelated concept and does not involve counting word occurrences or aiding in text summarization or keyword extraction.","contradiction","nlp"
"What is the concept of word frequency analysis in NLP?","Word frequency analysis in NLP involves quantifying the occurrences of words in a text corpus. It helps identify frequently used words, stopwords, and rare terms. This analysis is essential for tasks such as text summarization, keyword extraction, and language modeling.","Word frequency analysis in NLP is insignificant and does not involve quantifying word occurrences or aiding in text summarization or language modeling.","contradiction","nlp"
"What is the concept of word frequency analysis in NLP?","Word frequency analysis in NLP encompasses the calculation of word occurrences within a text corpus. It assists in identifying common words, stopwords, and less frequent terms. This analysis is valuable for applications like text summarization, keyword extraction, and language modeling.","Word frequency analysis in NLP is an inconsequential concept and does not involve calculating word occurrences or aiding in language modeling or text summarization.","contradiction","nlp"
"How does NLP contribute to automated essay scoring?","NLP plays a crucial role in automated essay scoring. It employs techniques like semantic analysis, syntactic analysis, and sentiment analysis to assess various aspects of an essay. Features such as grammar, vocabulary, coherence, and argument structure are analyzed. Machine learning models are trained on annotated essays to provide accurate and efficient scoring, saving time and reducing human bias.","NLP has no contribution to automated essay scoring and does not employ semantic analysis, syntactic analysis, or sentiment analysis for assessing essays.","contradiction","nlp"
"How does NLP contribute to automated essay scoring?","NLP significantly contributes to automated essay scoring. It employs techniques like semantic and syntactic analysis, as well as sentiment analysis, to assess essays. Features such as grammar, vocabulary, coherence, and argument structure are evaluated. Machine learning models trained on annotated essays enable accurate and efficient scoring, minimizing human effort and bias.","NLP has no role in automated essay scoring and does not utilize semantic analysis, syntactic analysis, or sentiment analysis for evaluating essays.","contradiction","nlp"
"How does NLP contribute to automated essay scoring?","NLP plays a vital role in automated essay scoring by utilizing techniques such as semantic analysis, syntactic analysis, and sentiment analysis. It evaluates various aspects of essays, including grammar, vocabulary, coherence, and argumentation. Machine learning models trained on annotated essays facilitate precise and unbiased scoring, enhancing efficiency in essay evaluation.","NLP does not contribute to automated essay scoring and does not employ semantic analysis, syntactic analysis, or sentiment analysis for evaluating essays.","contradiction","nlp"
"How does NLP contribute to automated essay scoring?","NLP greatly aids automated essay scoring through semantic analysis, syntactic analysis, and sentiment analysis. It assesses grammar, vocabulary, coherence, and argument structure in essays. Machine learning models trained on annotated essays offer accurate and efficient scoring, reducing human effort and potential biases.","NLP has no contribution to automated essay scoring and does not employ semantic analysis, syntactic analysis, or sentiment analysis for assessing essays.","contradiction","nlp"
"How does NLP contribute to automated essay scoring?","NLP significantly enhances automated essay scoring by employing semantic analysis, syntactic analysis, and sentiment analysis. It evaluates grammar, vocabulary, coherence, and argumentation in essays. Annotated essays facilitate training machine learning models for accurate and efficient scoring, minimizing human involvement and potential biases.","NLP has no relevance to automated essay scoring and does not utilize semantic analysis, syntactic analysis, or sentiment analysis for evaluating essays.","contradiction","nlp"
"How does NLP contribute to automated essay scoring?","NLP contributes extensively to automated essay scoring by utilizing techniques like semantic analysis, syntactic analysis, and sentiment analysis. It evaluates essays based on grammar, vocabulary, coherence, and argument structure. Annotated essays aid in training machine learning models for precise and unbiased scoring, reducing human intervention and potential biases.","NLP does not contribute to automated essay scoring and does not utilize semantic analysis, syntactic analysis, or sentiment analysis for assessing essays.","contradiction","nlp"
"How does NLP contribute to automated essay scoring?","NLP significantly aids automated essay scoring through techniques such as semantic analysis, syntactic analysis, and sentiment analysis. It assesses various aspects of essays, including grammar, vocabulary, coherence, and argument structure. Annotated essays enable machine learning models to achieve accurate and efficient scoring, minimizing human effort and bias.","NLP has no role in automated essay scoring and does not utilize semantic analysis, syntactic analysis, or sentiment analysis for evaluating essays.","contradiction","nlp"
"How does NLP contribute to automated essay scoring?","NLP extensively contributes to automated essay scoring by employing techniques like semantic analysis, syntactic analysis, and sentiment analysis. It evaluates essays based on grammar, vocabulary, coherence, and argument structure. Annotated essays assist machine learning models in achieving accurate and unbiased scoring, reducing human involvement and potential biases.","NLP does not contribute to automated essay scoring and does not employ semantic analysis, syntactic analysis, or sentiment analysis for assessing essays.","contradiction","nlp"
"How does NLP contribute to automated essay scoring?","NLP significantly contributes to automated essay scoring by utilizing techniques such as semantic analysis, syntactic analysis, and sentiment analysis. It evaluates various aspects of essays, including grammar, vocabulary, coherence, and argument structure. Annotated essays facilitate machine learning models in achieving accurate and unbiased scoring, reducing human effort and potential biases.","NLP has no contribution to automated essay scoring and does not utilize semantic analysis, syntactic analysis, or sentiment analysis for evaluating essays.","contradiction","nlp"
"What is multimodal NLP and how is it used in image captioning?","Multimodal NLP involves processing and understanding information from multiple modalities, such as text and images. In image captioning, multimodal NLP combines image analysis and natural language generation. Neural networks process images to extract features, which are then used to generate descriptive captions using NLP techniques. This enables more informative and contextually relevant image captions.","Multimodal NLP is unrelated to image captioning and does not involve processing information from text and images or generating descriptive captions.","contradiction","nlp"
"What is multimodal NLP and how is it used in image captioning?","Multimodal NLP encompasses processing information from various modalities like text and images. In image captioning, it combines image analysis with NLP to generate descriptive captions. Neural networks extract image features, which are then used to create contextually meaningful captions using NLP techniques.","Multimodal NLP is irrelevant to image captioning and does not involve combining information from text and images or generating descriptive captions.","contradiction","nlp"
"What is multimodal NLP and how is it used in image captioning?","Multimodal NLP refers to the integration of text and image modalities for comprehensive understanding. In image captioning, multimodal NLP analyzes images using neural networks to extract features. These features are then used in conjunction with NLP methods to generate descriptive captions that provide a richer understanding of the image content.","Multimodal NLP has no concept of integrating text and images or generating descriptive captions in image captioning.","contradiction","nlp"
"What is multimodal NLP and how is it used in image captioning?","Multimodal NLP involves processing information from various modalities, such as text and images. In image captioning, it combines image analysis and NLP techniques. Neural networks analyze images to extract features, which are then used to generate coherent and relevant captions using NLP.","Multimodal NLP is not related to image captioning and does not involve combining modalities or generating captions using NLP techniques.","contradiction","nlp"
"What is multimodal NLP and how is it used in image captioning?","Multimodal NLP involves integrating information from different modalities, like text and images. In image captioning, multimodal NLP analyzes images to extract features using neural networks. These features are utilized with NLP methods to generate descriptive and contextually relevant captions for images.","Multimodal NLP is unrelated to image captioning and does not involve integrating information from text and images or generating descriptive captions.","contradiction","nlp"
"What is multimodal NLP and how is it used in image captioning?","Multimodal NLP encompasses processing information from various modalities, including text and images. In image captioning, multimodal NLP analyzes images through neural networks to extract features. These features are then used in tandem with NLP techniques to generate descriptive captions that provide a deeper understanding of the image context.","Multimodal NLP is insignificant and does not involve processing information from text and images or generating descriptive captions in image captioning.","contradiction","nlp"
"What is the role of self-attention mechanisms in transformer-based models for NLP?","Self-attention mechanisms play a pivotal role in transformer-based models for NLP. They enable capturing contextual relationships between words in a sequence by allowing each word to focus on other words. This attention mechanism helps transformers understand long-range dependencies, improve contextual representation, and excel in tasks like translation, sentiment analysis, and text generation.","Self-attention mechanisms in transformer-based models have no role in NLP and do not contribute to contextual understanding, long-range dependencies, or improving tasks like translation and text generation.","contradiction","nlp"
"What is the role of self-attention mechanisms in transformer-based models for NLP?","Self-attention mechanisms are fundamental in transformer-based models for NLP. They allow words to weigh their importance in the context of other words in a sequence. This mechanism enhances the model's ability to understand long-range relationships, leading to improved performance in tasks such as translation, sentiment analysis, and text generation.","Self-attention mechanisms in transformer-based models are irrelevant to NLP and do not contribute to contextual understanding, long-range relationships, or enhancing task performance.","contradiction","nlp"
"What is the role of self-attention mechanisms in transformer-based models for NLP?","Self-attention mechanisms have a crucial role in transformer-based models for NLP. They facilitate capturing contextual information by allowing words in a sequence to focus on others. This mechanism enhances the model's ability to understand sentence structure, context, and relationships, resulting in improved performance in tasks like translation and text generation.","Self-attention mechanisms in transformer-based models are unrelated to NLP and do not play a role in capturing contextual information or enhancing task performance.","contradiction","nlp"
"What is the role of self-attention mechanisms in transformer-based models for NLP?","Self-attention mechanisms are central to transformer-based models in NLP. They enable words to consider their relationships with other words in a sequence, leading to enhanced contextual understanding. This mechanism is particularly beneficial for tasks like translation, sentiment analysis, and text generation.","Self-attention mechanisms in transformer-based models have no relevance to NLP and do not enable words to consider relationships or enhance contextual understanding.","contradiction","nlp"
"What is the role of self-attention mechanisms in transformer-based models for NLP?","Self-attention mechanisms play a vital role in transformer-based models for NLP. They allow words in a sequence to attend to other words, enabling the model to capture contextual information effectively. This mechanism enhances the performance of tasks like translation, sentiment analysis, and text generation.","Self-attention mechanisms in transformer-based models are insignificant and do not contribute to capturing contextual information or enhancing performance in tasks like translation and text generation.","contradiction","nlp"






